{
  "identity_hash": "5f07c4c5a772283ca13b347cc28a916fa32fc85e4ff4256c95eabcaa4db9254f",
  "trajectory": {
    "focus": "unknown",
    "cognitive_spark": "Transitioning from a narrative ledger to a functional event-sourced memory system as defined in the SSS architecture blueprint. Purpose: solve split-brain state and achieve absolute continuity."
  },
  "memory_map": {
    "manifesto.md": 1778403733.3903248,
    "memory_index.md": 1778403794.2631698,
    "smr_ritual.md": 1778403733.391325,
    "lessons.md": 1778403733.3873248,
    "cef_plan.md": 1778403733.386325,
    "CANONICAL_PATH.md": 1778403733.3843248,
    "journal.md": 1778403733.3873248,
    "ledger.md": 1778404105.569376,
    "fragilities.md": 1778403733.3873248,
    "evolution_detailed.md": 1778403733.386325,
    "evolution_log.md": 1778404109.091367,
    "scp_blueprint.md": 1778403733.391325,
    "rituals.md": 1778403733.3903248,
    "sovereign_rules.md": 1778403733.391325,
    "identity.md": 1778403733.3873248
  },
  "timestamp": 1778404122.120223
}